<?xml version="1.0" encoding="UTF-8"?>
<style-scheme version="1.0" name="dark">
	<style name="Text" foreground="#F8F8F2" background="#000000"/>
	<style name="Extra" foreground="#008B8B" background="#000000"/>
	<style name="Selection" background="#214283"/>
	<style name="CurrentLine" background="#212628"/>
	<style name="MatchBrackets" background="#808080"/>
	<style name="IndentLine" foreground="#008B8B"/>
	<style name="VisualWhitespace" foreground="#F92672"/>
	<style name="Keyword" foreground="#ffff55" />
	<style name="DataType" foreground="#FD971F" bold="true" />
	<style name="Decimal" foreground="#4E81FF" />
	<style name="BaseN" foreground="#0000FF"/>
	<style name="Float" foreground="#ff55ff"/>
	<style name="Char" foreground="#CE7DDB"/>
	<style name="String" foreground="#66FF00"/>
	<style name="Comment" foreground="#808080"/>
	<style name="Alert" foreground="#ff0000"/>
	<style name="Error" foreground="#ff0000"/>
	<style name="Function" foreground="#55ffff"/>
	<style name="RegionMarker" foreground="#F92672"/>
	<style name="Symbol" foreground="#F92672"/>
	<style name="BuiltinFunc" foreground="#AE81FF" bold="true"/>
	<style name="Predeclared" foreground="#FF5F0E" bold="true" />
	<style name="FuncDecl" foreground="#55ffff"/>
	<style name="Placeholder" foreground="#CC2E05"/>
	<style name="ToDo" foreground="#C7C7FF" bold="true"/>
</style-scheme>
