<?xml version="1.0" encoding="UTF-8"?>
<style-scheme version="1.0" name="Default">
  <!-- default color scheme -->
  <style name="Text" foreground="#000000" background="#ffffff"/>
  <style name="Extra" foreground="#008B8B" background=""/>
  <style name="Selection" background="#3399FF"/>
  <style name="CurrentLine" background="#B4C8C8"/>
  <style name="MatchBrackets" background="#808080"/>
  <style name="IndentLine" foreground="#008B8B"/>
  <style name="VisualWhitespace" foreground="#c0c0c0"/>
  <style name="Keyword" foreground="#000080" bold="true"/>
  <style name="DataType" foreground="#000080" /> 
  <style name="Decimal" foreground="#800080"/>
  <style name="BaseN" foreground="#800080"/>
  <style name="Float" foreground="#800080"/>
  <style name="Char" foreground="#800000"/>
  <style name="String" foreground="#008000"/>
  <style name="Comment" foreground="#008000"/>
  <style name="Alert" foreground="#ff0000"/>
  <style name="Error" foreground="#ff0000"/>
  <style name="Function" foreground="#000000"/>
  <style name="RegionMarker" foreground="#000000"/>
  <style name="Symbol" foreground="#000000"/> 
  <style name="BuiltinFunc" foreground="#000080"/>
  <style name="Predeclared" foreground="#000080"/>
  <style name="FuncDecl" foreground="#000000"/>
  <style name="Placeholder" foreground="#008080"/>
  <style name="ToDo" foreground="#006000" background="#e0e0e0" bold="true"/>
</style-scheme>
